150, 10
1.000000000000000021e-03 1.045431797512119537e-01 6.929040772517623518e-05 1.268161036568424358e-03 4.713775583222855337e-02 4.833013387090285759e-03 6.679627316813960825e-01 1.694274077517736177e-01 2.381876466269339520e-06 1.439272371677784848e-05 4.736257052243965024e-03
1.192603945163224792e-03 1.052311460327162024e-01 4.698969206781905479e-05 7.574640423201198583e-04 4.774188856621815191e-02 5.010317049073430458e-03 6.669018724998765357e-01 1.696380794909752299e-01 1.195244200955118206e-06 1.105744674799332619e-05 4.657153332421245726e-03
1.422304170018888177e-03 1.056612172115266868e-01 3.149349178954079736e-05 4.473831412646653120e-04 4.811533617565338233e-02 5.194736116011050737e-03 6.661885360749482121e-01 1.697795621457363902e-01 5.948219138883304419e-07 8.397428974636993895e-06 4.571250460514533417e-03
1.696245564386632135e-03 1.059556140842560223e-01 1.993130924764268736e-05 2.472328138474037015e-04 4.836480039434436912e-02 5.440578110313272139e-03 6.656185084754341341e-01 1.698927983131008068e-01 2.764144351497194451e-07 6.214051775385175965e-06 4.453288753313897064e-03
2.022949152053118808e-03 1.061414064439074462e-01 1.176205348061358582e-05 1.258744086520233749e-04 4.852008150936052561e-02 5.634696225216966406e-03 6.652322534429878642e-01 1.699694232235949842e-01 1.151637134963908235e-07 4.463254440320558784e-06 4.359556641176489181e-03
2.412577139603149737e-03 1.062316175897587145e-01 6.938358244313632658e-06 6.399851515064477743e-05 4.859772500877857643e-02 5.677432044371749816e-03 6.650802161792850331e-01 1.699991618224881151e-01 4.670381742360843998e-08 3.196855756437885393e-06 4.339484278194188395e-03
2.877249014701324919e-03 1.062833394942987036e-01 3.586006441070483327e-06 2.781136893881907917e-05 4.864301651272039811e-02 5.681772402410614244e-03 6.650070765892558411e-01 1.700131996196677653e-01 1.553640016136011335e-08 2.173639007627698396e-06 4.337925557314020741e-03
3.431418526149801994e-03 1.063062792612010921e-01 1.841962664648927598e-06 1.196137818801824299e-05 4.866318789118397742e-02 5.680931158906759454e-03 6.649767650559452736e-01 1.700189225041255636e-01 5.101740363707042748e-09 1.472290909310515951e-06 4.338594361317700022e-03
4.092323271792432451e-03 1.063168308549671121e-01 8.962547238340192143e-07 4.808342360810569568e-06 4.867240969128536210e-02 5.679471991352758736e-03 6.649638432657793974e-01 1.700213177145848964e-01 1.538460945477845336e-09 9.749161392764478049e-07 4.339427334646212518e-03
4.880520878822951214e-03 1.063187335834089309e-01 7.030864793383565923e-07 3.388589094700473040e-06 4.867381856809957497e-02 5.677814947218402450e-03 6.649630161801370898e-01 1.700214736284979822e-01 9.256719767716700961e-10 7.758232266033161812e-07 4.340262541747031029e-03
5.820528454535741671e-03 1.063189058911181983e-01 6.807274323841637301e-07 3.060300800435663446e-06 4.867354759916596441e-02 5.675991744155134237e-03 6.649648144245547954e-01 1.700211589277171031e-01 7.559768846515116915e-10 6.696368606696750456e-07 4.341160509427470851e-03
6.941585197814133246e-03 1.063187831549790019e-01 6.866110832660094164e-07 2.897984050734192900e-06 4.867289543967488058e-02 5.673991021096733492e-03 6.649672782409348226e-01 1.700207305662350399e-01 6.519750233469292002e-10 5.864090920062765768e-07 4.342142277371358744e-03
8.278561892599779065e-03 1.063183672426768478e-01 7.241261354515593210e-07 2.891662647369536242e-06 4.867186525792449592e-02 5.671797697309665862e-03 6.649704230916543279e-01 1.700201864298362120e-01 5.989389913331465725e-10 5.222289217454796677e-07 4.343215295198377124e-03
9.873045573392431190e-03 1.063176685694961071e-01 7.955772801018247034e-07 3.025847099321225564e-06 4.867046847898250095e-02 5.669393966976543978e-03 6.649742553602807638e-01 1.700195259275353032e-01 5.807903147916104298e-10 4.717814177541813131e-07 4.344388436026117364e-03
1.177463310160412578e-02 1.063166278993800395e-01 9.115301566767423668e-07 3.327005923099625969e-06 4.866865287100879262e-02 5.666759248472948325e-03 6.649788809290161362e-01 1.700187307597263442e-01 5.982844327591381832e-10 4.331028256596503178e-07 4.345671194971629722e-03
1.404247388982258170e-02 1.063152231716642110e-01 1.077857773233860622e-06 3.799130792325818920e-06 4.866639686065199477e-02 5.663871014835453188e-03 6.649843583951986492e-01 1.700177912191212226e-01 6.478527115148530446e-10 4.028743536548923326e-07 4.347074400027351772e-03
1.674710976085399053e-02 1.063134513138383336e-01 1.296142259046399883e-06 4.438095051205116503e-06 4.866368771843705698e-02 5.660705495449115145e-03 6.649907259543303972e-01 1.700167013748667133e-01 7.346519104387297419e-10 3.794235307862463548e-07 4.348609647538836595e-03
1.997266917087609991e-02 1.063113579097930417e-01 1.560062646189191927e-06 5.213767499843440581e-06 4.866054896278144276e-02 5.657237969651053751e-03 6.649979599275103181e-01 1.700154664047957564e-01 8.634703353692230891e-10 3.608379447650246469e-07 4.350289470482675627e-03
2.381948404862675381e-02 1.063090170284624325e-01 1.857292587950345653e-06 6.083241843612591914e-06 4.865702184535676544e-02 5.653443117840249027e-03 6.650060022517494396e-01 1.700140975853257075e-01 1.045238891446368748e-09 3.460724611875491963e-07 4.352126945769776295e-03
2.840721064814476921e-02 1.063065172581864892e-01 2.172841550272726323e-06 6.996270033898956352e-06 4.865315771912547688e-02 5.649295081086596997e-03 6.650147772608507868e-01 1.700126093631925128e-01 1.292962167434136817e-09 3.340225427353730727e-07 4.354135542031957809e-03
3.387855149006022137e-02 1.063039432014552949e-01 2.491564513055375114e-06 7.906012397612005192e-06 4.864900285828816645e-02 5.644767825775681529e-03 6.650242159898994698e-01 1.700110149894664968e-01 1.631925920934650390e-09 3.240209383763729758e-07 4.356328745470042924e-03
4.040369416346127618e-02 1.063013652626252775e-01 2.801783665137219277e-06 8.770964083558264817e-06 4.864459458076929310e-02 5.639835932894724305e-03 6.650342668290862846e-01 1.700093248789411315e-01 2.125062694732992107e-09 3.150406874466377182e-07 4.358719581851458989e-03
4.818560505851227777e-02 1.062988318992326708e-01 3.093412471093370904e-06 9.564770765137302379e-06 4.863994995640055080e-02 5.634474606343915608e-03 6.650449080121526579e-01 1.700075439402299327e-01 2.977770916705572998e-09 3.070375359298838142e-07 4.361320442947859942e-03
5.746634269285878782e-02 1.062963724056503606e-01 3.359800511632029148e-06 1.027040134525455465e-05 4.863507177950881361e-02 5.628658707148193226e-03 6.650561431972105142e-01 1.700056726842252286e-01 4.722067307573597010e-09 2.998372506772665743e-07 4.364143520614290409e-03
6.853458700960524119e-02 1.062939951902294594e-01 3.604583628926054431e-06 1.086965176273855388e-05 4.862995862081807841e-02 5.622366977969114714e-03 6.650679936754395616e-01 1.700037096153888261e-01 8.516446857388934049e-09 2.915064959942753170e-07 4.367198645459440323e-03
8.173461884778752962e-02 1.062916923231644883e-01 3.823009841505139200e-06 1.137320709660802664e-05 4.862458105033558992e-02 5.615580440062752955e-03 6.650805061870364021e-01 1.700016469028645394e-01 1.650087848684660003e-08 2.834753833318198915e-07 4.370493718706705728e-03
9.747702889428429274e-02 1.062894332559186639e-01 4.027564640665827868e-06 1.177912734849680273e-05 4.861891324594248831e-02 5.608282892987839947e-03 6.650937441394293437e-01 1.699994760287960871e-01 3.200323034506900621e-08 2.737035034325771030e-07 4.374034598544547861e-03
1.162514892221131052e-01 1.062871855926318249e-01 4.217912880608164593e-06 1.211086292747845190e-05 4.861291228279250587e-02 5.600463376124743299e-03 6.651077736559365405e-01 1.699971856725002173e-01 5.945345820904479007e-08 2.635623468500991526e-07 4.377823815769591939e-03
1.386419846773922215e-01 1.062849107635805423e-01 4.397996550801409688e-06 1.238859704437633603e-05 4.860653514726333280e-02 5.592109346932666245e-03 6.651226681003108432e-01 1.699947639163715274e-01 1.041792915297560503e-07 2.534545836649642061e-07 4.381864169415125229e-03
1.653449778915173363e-01 1.062825628312519949e-01 4.583705010082630617e-06 1.261765787978096576e-05 4.859975210629302600e-02 5.583216333033300810e-03 6.651384919339966562e-01 1.699922023155388262e-01 1.721410792882793799e-07 2.417891063036065550e-07 4.386154207740546734e-03
1.971910729463497713e-01 1.062801166206093495e-01 4.769128962745452127e-06 1.282634178359310514e-05 4.859252912780178540e-02 5.573785114540468627e-03 6.651552844231668482e-01 1.699894936040480808e-01 2.693606104243374211e-07 2.306492171199029227e-07 4.390689811856805444e-03
2.351708515467859917e-01 1.062775232059849501e-01 4.979083512319062715e-06 1.300730606244234531e-05 4.858485351401516800e-02 5.563824399805661000e-03 6.651730882086949181e-01 1.699866349504378371e-01 4.020931535708521623e-07 2.175203452538850357e-07 4.395462904837309399e-03
2.804656853420920415e-01 1.062747350760574333e-01 5.243720736547693327e-06 1.314703063242677906e-05 4.857673837675879208e-02 5.553376122043801773e-03 6.651918926290300016e-01 1.699836334803647708e-01 5.757582172319838014e-07 2.002681025514000553e-07 4.400449608256686192e-03
3.344844828218866417e-01 1.062717250176917760e-01 5.574227820637303824e-06 1.325168777588614376e-05 4.856819939376449957e-02 5.542497697307711968e-03 6.652116471045655954e-01 1.699805005034622507e-01 7.943569553949050699e-07 1.816373114686589791e-07 4.405619134875412429e-03
3.989075138092645911e-01 1.062682965855715894e-01 6.188015332405936318e-06 1.311277211238642459e-05 4.855939768479575203e-02 5.531376219154404868e-03 6.652322439606839222e-01 1.699772896488299379e-01 1.058518198720127566e-06 1.466012084297286302e-07 4.410879557266653324e-03
4.757386747241826308e-01 1.062646827792880361e-01 6.891186888803758942e-06 1.293063689640828802e-05 4.855040541520939945e-02 5.520283068466629028e-03 6.652530980136769356e-01 1.699740745675382136e-01 1.362766594844816526e-06 1.584135912490127876e-07 4.416100970386123946e-03
5.673678203427843236e-01 1.062610965778520850e-01 7.535536113789442462e-06 1.284833865137514073e-05 4.854123370497008538e-02 5.509522208972880870e-03 6.652736298634577272e-01 1.699709473856351738e-01 1.700678442235078767e-06 3.322422097715162892e-07 4.421138613329085240e-03
6.766451008994643912e-01 1.062576263602396098e-01 8.089194577983559102e-06 1.288950097575121387e-05 4.853229446455847862e-02 5.499348624322358825e-03 6.652932515071059427e-01 1.699679781554253588e-01 2.066151191591062861e-06 5.656606436077872214e-07 4.425871271200235504e-03
8.069696168080695564e-01 1.062541830779078350e-01 8.637683674326802435e-06 1.297062499167194073e-05 4.852368473589332987e-02 5.489768666999415674e-03 6.653119899206961785e-01 1.699651694354212539e-01 2.460300328059637366e-06 8.154550767425181372e-07 4.430294793511864275e-03
9.623951486321595805e-01 1.062507420543113562e-01 9.204535981003688510e-06 1.306933979870952997e-05 4.851542375585930073e-02 5.480788969216512062e-03 6.653298450805130715e-01 1.699625260507031388e-01 2.883363663431076036e-06 1.077508462145655201e-06 4.434405440702561020e-03
1.147756251064661948e+00 1.062472856178820341e-01 9.798022028594731382e-06 1.317966113800768815e-05 4.850750234655407112e-02 5.472394322130514320e-03 6.653468555621929736e-01 1.699600420560224978e-01 3.335899581549738963e-06 1.350772778607061509e-06 4.438209394703693592e-03
1.368818633105468363e+00 1.062437889966544036e-01 1.042609028846511461e-05 1.329802515987975964e-05 4.849988357310622278e-02 5.464540219226381342e-03 6.653631122579410917e-01 1.699577065410861898e-01 3.817122485105138373e-06 1.633689401471016927e-06 4.441726378231556326e-03
1.632458502054514593e+00 1.062402364671029692e-01 1.109398881587775883e-05 1.342174081202855347e-05 4.849254907417797217e-02 5.457205639851696495e-03 6.653786650037775141e-01 1.699555130214332466e-01 4.323458025609097024e-06 1.924196249765695322e-06 4.444965345926826621e-03
1.946876449865470704e+00 1.062365994468185415e-01 1.180854323381303486e-05 1.354985507431224424e-05 4.848544708921264518e-02 5.450339991707692754e-03 6.653936246149315670e-01 1.699534461753702819e-01 4.854942048482518195e-06 2.225919789767628100e-06 4.447948339044932933e-03
2.321852534854933925e+00 1.062328635639774310e-01 1.257351005126812247e-05 1.368204333455549130e-05 4.847854787671154742e-02 5.443914374155713574e-03 6.654080436789987507e-01 1.699515028520173221e-01 5.411302203898733105e-06 2.544476508770264515e-06 4.450688004298246174e-03
2.769050493155228221e+00 1.062290308973471570e-01 1.338738930753713091e-05 1.381767787708974396e-05 4.847185951286128031e-02 5.437935192633976990e-03 6.654219134191270424e-01 1.699496792066391704e-01 6.012731588029382586e-06 2.882560764019256570e-06 4.453181770338565139e-03
3.302380542493098758e+00 1.062253199363417944e-01 1.420091294045618292e-05 1.394876525117565390e-05 4.846573732373637283e-02 5.432698425769847891e-03 6.654345106398287246e-01 1.699480652599574537e-01 6.649087382611916688e-06 3.220713950752158402e-06 4.455310851353198529e-03
3.938432063407539818e+00 1.062217011816003615e-01 1.501622935616677622e-05 1.407615965006132430e-05 4.846008760347536581e-02 5.428088071975839535e-03 6.654460501027127384e-01 1.699466244903103940e-01 7.323505893848015871e-06 3.559897961704259737e-06 4.457130795669087160e-03
4.696989616577172733e+00 1.062181320919502042e-01 1.584011777781018339e-05 1.420134195635014990e-05 4.845480076996631913e-02 5.423981414290629174e-03 6.654567668616826470e-01 1.699453237032956532e-01 8.020659210442075153e-06 3.902787226429137561e-06 4.458698230165898148e-03
5.601648347120651295e+00 1.062145969910983645e-01 1.667451977838893608e-05 1.432494725453316611e-05 4.844981388604209516e-02 5.420299072717505579e-03 6.654667896460711995e-01 1.699441493815332938e-01 8.719955028065616540e-06 4.249995374082763927e-06 4.460051299936489307e-03
6.680547918193146195e+00 1.062110944108207305e-01 1.751688237992682904e-05 1.444689642121748349e-05 4.844509555217329372e-02 5.416991621883836434e-03 6.654761966083507785e-01 1.699430863592631402e-01 9.410946119437672172e-06 4.600307809587683824e-06 4.461215446639328966e-03
7.967247803089114733e+00 1.062076345285995482e-01 1.836223224621503499e-05 1.456679014931834269e-05 4.844062997265572573e-02 5.414021618346835305e-03 6.654850295613545796e-01 1.699421267572757410e-01 1.009333944566900466e-05 4.951560486017769242e-06 4.462211625805634525e-03
9.501771162057114140e+00 1.062042446349869135e-01 1.920106456290391020e-05 1.468362799001775509e-05 4.843642511032263814e-02 5.411368332938848100e-03 6.654932863620185435e-01 1.699412656501328722e-01 1.076425494010504990e-05 5.299635588378610992e-06 4.463054933520252572e-03
1.133184977390749815e+01 1.062009265990730145e-01 2.002982434322842780e-05 1.479737948541848425e-05 4.843245849900634087e-02 5.408993079971698495e-03 6.655010297980121781e-01 1.699404869944814434e-01 1.142510840352222226e-05 5.643083853049823323e-06 4.463766048164807300e-03
1.351440874635908074e+01 1.061976511924393463e-01 2.085377534306940265e-05 1.490929345670456677e-05 4.842867183701329847e-02 5.406838966149952325e-03 6.655083868999677188e-01 1.699397705034150774e-01 1.208178767355188152e-05 5.984346418051262498e-06 4.464370038041082928e-03
1.611733718745622923e+01 1.061943685133027032e-01 2.168421751432385506e-05 1.502080398942066812e-05 4.842498883948784250e-02 5.404844889048177753e-03 6.655155163134942597e-01 1.699390942593215770e-01 1.274362321324603393e-05 6.328272593638953417e-06 4.464890818224078774e-03
1.922159991528625866e+01 1.061910160178226176e-01 2.253653120654826075e-05 1.513348833148415572e-05 4.842132524550977341e-02 5.402952037257841705e-03 6.655225865957097309e-01 1.699384384572665274e-01 1.342281673948314621e-05 6.681315828038420689e-06 4.465349029301299635e-03
2.292375589131949809e+01 1.061875305842533562e-01 2.342678794635397253e-05 1.524900515151127647e-05 4.841760240177924585e-02 5.401110652621066328e-03 6.655297516379413691e-01 1.699377871322239608e-01 1.413204812210285800e-05 7.050088102709229043e-06 4.465760491528053544e-03
2.733896171394641073e+01 1.061838571325513236e-01 2.436928798630186223e-05 1.536886053079300168e-05 4.841375526121429601e-02 5.399282476094817255e-03 6.655371365505627912e-01 1.699371289113170147e-01 1.488259488804504322e-05 7.440347688284483560e-06 4.466136313806252575e-03
3.260455359671885134e+01 1.061799385572842619e-01 2.537862175293204427e-05 1.549464962960979446e-05 4.840972118191783080e-02 5.397434150505570245e-03 6.655448649381424664e-01 1.699364506667956909e-01 1.568598387108773300e-05 7.857896667895599758e-06 4.466484901485536993e-03
3.888431924973271236e+01 1.061757167650169142e-01 2.647018063541457393e-05 1.562811309843806533e-05 4.840543813862316358e-02 5.395534961132470927e-03 6.655530539667651180e-01 1.699357431547527664e-01 1.655440059454046090e-05 8.308843288178001727e-06 4.466813001696461581e-03
4.637359254221756544e+01 1.061711348266512062e-01 2.765880890590798692e-05 1.577092410032380611e-05 4.840084811122037645e-02 5.393558248948635697e-03 6.655618158457935474e-01 1.699349959940987809e-01 1.749960127013507706e-05 8.799038189532409644e-06 4.467125564445596775e-03
5.530532941724068507e+01 1.061661300528724677e-01 2.896105336752385635e-05 1.592495379971671334e-05 4.839588848645472868e-02 5.391476792603907067e-03 6.655712700690166184e-01 1.699341990627886712e-01 1.853469923676302332e-05 9.335009912207567907e-06 4.467426902026733725e-03
6.595735405155299702e+01 1.061606386793906148e-01 3.039386727691025967e-05 1.609210302604738071e-05 4.839049666050849324e-02 5.389264545953465976e-03 6.655815349972608042e-01 1.699333431380276038e-01 1.967313058178187793e-05 9.923429020774802596e-06 4.467720532303143949e-03
7.866100065440971889e+01 1.061545876398817118e-01 3.197642772176186488e-05 1.627450833763828661e-05 4.838460236093351102e-02 5.386893415995590642e-03 6.655927464423617712e-01 1.699324156389555585e-01 2.093009630288033074e-05 1.057185115609439484e-05 4.468009685491436400e-03
9.381141971093605036e+01 1.061478965940195196e-01 3.373029975202749084e-05 1.647456025821754372e-05 4.837812812812993662e-02 5.384333006321365134e-03 6.656050494888772207e-01 1.699314059364177010e-01 2.232269401891091772e-05 1.128879856120008400e-05 4.468297514457382491e-03
1.118798692486256812e+02 1.061404815745182750e-01 3.567778430935424246e-05 1.669470860442674270e-05 4.837099417347687225e-02 5.381552823843624780e-03 6.656185959077953740e-01 1.699303014960590608e-01 2.386860615854966694e-05 1.208307879531458871e-05 4.468586741999209556e-03
1.334283734502567427e+02 1.061322419599695643e-01 3.784554840439750351e-05 1.693787599460642648e-05 4.836310526040562413e-02 5.378516952857767368e-03 6.656335679798677241e-01 1.699290862613134501e-01 2.558898477166320822e-05 1.296527430371965681e-05 4.468880339591541247e-03
1.591272045734883136e+02 1.061230691714911412e-01 4.026289335157496815e-05 1.720726106986143135e-05 4.835435802622860962e-02 5.375186643727717511e-03 6.656501582178986354e-01 1.699277465860124792e-01 2.750708069365800969e-05 1.394704564772930525e-05 4.469181339565248337e-03
1.897757319571377082e+02 1.061128522098896410e-01 4.295944914906142193e-05 1.750608186183634862e-05 4.834464782751716344e-02 5.371523241631347319e-03 6.656685642592876651e-01 1.699262668568321810e-01 2.964641885565151479e-05 1.504018691369760350e-05 4.469492445393008322e-03
2.263272866283211044e+02 1.061014714340960119e-01 4.596719017638600737e-05 1.783780835310899010e-05 4.833386196354064190e-02 5.367485308967001253e-03 6.656889983213551965e-01 1.699246307446094228e-01 3.203240511082521702e-05 1.625744251306193667e-05 4.469816432144640972e-03
2.699188149310243148e+02 1.060887964804665823e-01 4.932082705075518085e-05 1.820621445024558446e-05 4.832187800766900299e-02 5.363028021215080626e-03 6.657116920136622040e-01 1.699228197899979309e-01 3.469264578945041111e-05 1.761263925560700957e-05 4.470156183951043069e-03
3.219062435605220003e+02 1.060746676936496352e-01 5.306255494383437627e-05 1.861591449225334034e-05 4.830854663415665856e-02 5.358096840019561415e-03 6.657369321026257447e-01 1.699208081011113480e-01 3.766072522624611043e-05 1.912254077489268058e-05 4.470515156520383886e-03
3.839066560429524770e+02 1.060588996805336415e-01 5.724217144509110032e-05 1.907238969335068468e-05 4.829369335226892795e-02 5.352627670107703260e-03 6.657650465500236647e-01 1.699185705660836987e-01 4.097630976600820883e-05 2.080677535935608976e-05 4.470897487899596311e-03
4.578485925712463427e+02 1.060412651846314447e-01 6.191983015732371702e-05 1.958228335903764976e-05 4.827710658856226161e-02 5.346543093778852347e-03 6.657964441069734729e-01 1.699160688397048924e-01 4.468733166104420354e-05 2.268872132483909962e-05 4.471307961837001424e-03
5.460320377878995259e+02 1.060214918656387922e-01 6.716903250474286853e-05 2.015369231815211879e-05 4.825853145382893311e-02 5.339749000742571340e-03 6.658316060618305610e-01 1.699132651592843712e-01 4.885234661756282358e-05 2.479641479064902370e-05 4.471752560014451323e-03
6.511999624513640583e+02 1.059992835173563519e-01 7.306952613977791915e-05 2.079536717875651576e-05 4.823769327574628507e-02 5.332143607913077642e-03 6.658710554765827627e-01 1.699101173540958354e-01 5.353488939464270399e-05 2.715930833266711923e-05 4.472237551297877575e-03
7.766236443096406674e+02 1.059742873757312520e-01 7.971569242899140110e-05 2.151762290545490244e-05 4.821426816800549603e-02 5.323606553398980978e-03 6.659154195999642534e-01 1.699065694487251754e-01 5.881012829419350716e-05 2.981122460642524847e-05 4.472770196782827057e-03
9.262044221107184967e+02 1.059461295824326715e-01 8.720958055050367810e-05 2.233158953506351438e-05 4.818791275417000364e-02 5.314008312346274118e-03 6.659653469580706364e-01 1.699025769367080718e-01 6.475934592949649535e-05 3.278716283256485149e-05 4.473358529504258344e-03
1.104595047836870208e+03 1.059144098760184810e-01 9.565805098420364610e-05 2.324891391766846046e-05 4.815826753738493282e-02 5.303212985905171595e-03 6.660215441957303417e-01 1.698980770065277868e-01 7.146767224255373599e-05 3.612179592133464687e-05 4.474010491175860020e-03
1.317344411858012336e+03 1.058786818235070287e-01 1.051818549803754192e-04 2.428275447226387518e-05 4.812493210476231909e-02 5.291067318198567314e-03 6.660847874488967646e-01 1.698930103562074079e-01 7.903129378635678315e-05 3.985273302587761791e-05 4.474735300397862485e-03
1.571070142720593822e+03 1.058384744104078623e-01 1.159074286655488987e-04 2.544689648946130655e-05 4.808749056338094269e-02 5.277410693126152567e-03 6.661558970616736630e-01 1.698873101369343386e-01 8.755092692969937852e-05 4.401686374732006010e-05 4.475542412653973380e-03
1.873664450336731079e+03 1.057932420170267784e-01 1.279803970029510260e-04 2.675722408665086492e-05 4.804546590223486568e-02 5.262057942431349646e-03 6.662358282491590566e-01 1.698808921304472419e-01 9.714250937160144313e-05 4.865490504211800958e-05 4.476442646241984152e-03
2.234539615383675027e+03 1.057423826070570949e-01 1.415630944457542363e-04 2.823145818150089934e-05 4.799833572459082098e-02 5.244802992305882226e-03 6.663256195474343002e-01 1.698736758176594974e-01 1.079351788868221465e-04 5.380897633437486889e-05 4.477448338231255695e-03
2.664920760930086544e+03 1.056852186995127507e-01 1.568358744229798234e-04 2.988930442271103293e-05 4.794552579630445566e-02 5.225416626544097075e-03 6.664264491824751779e-01 1.698655554816589086e-01 1.200721827110883905e-04 5.952085603714852820e-05 4.478572877592191734e-03
3.178195013032604493e+03 1.056209672442954411e-01 1.740087747138028391e-04 3.175372949038650599e-05 4.788638253612530898e-02 5.203632512681586123e-03 6.665396627655859607e-01 1.698564188788844465e-01 1.337199750171809778e-04 6.583306591260660852e-05 4.479832177993788543e-03
3.790327911040770687e+03 1.055487769578294793e-01 1.933098593563368388e-04 3.384970587980506111e-05 4.782021866128431664e-02 5.179161940192456709e-03 6.666667091666999001e-01 1.698461460480583662e-01 1.490586928227747177e-04 7.278057616276722682e-05 4.481243516223968291e-03
4.520360020169508061e+03 1.054676306650855766e-01 2.150088082759194332e-04 3.620678523474086917e-05 4.774623643824946889e-02 5.151663779354479292e-03 6.668093315288646794e-01 1.698345713053194539e-01 1.663005280501996257e-04 8.039509730821329094e-05 4.482827009410392596e-03
5.390999193612281488e+03 1.053764179565725018e-01 2.394054547357407235e-04 3.885787571364494755e-05 4.766359185553765976e-02 5.120760647310167515e-03 6.669693731529584557e-01 1.698215558867194053e-01 1.856802756881147500e-04 8.869549564899785487e-05 4.484605944083084293e-03
6.429326906673771191e+03 1.052739715993659814e-01 2.668090221006615918e-04 4.183700085295635648e-05 4.757145576279826760e-02 5.086063773424734889e-03 6.671487743907565937e-01 1.698069247605154264e-01 2.074381758462602436e-04 9.767622258746574352e-05 4.486603527555797256e-03
7.667640633643211913e+03 1.051589650798969711e-01 2.975716039929108625e-04 4.518296290588420041e-05 4.746892274296352077e-02 5.047132244360217138e-03 6.673497126338414631e-01 1.697904867980533639e-01 2.318457889922996898e-04 1.073128805067414306e-04 4.488846448195842748e-03
9.144458469776745915e+03 1.050299465072473404e-01 3.320778693490951654e-04 4.893825296318632531e-05 4.735505827466077178e-02 5.003486563986372058e-03 6.675745363125288323e-01 1.697720381085292274e-01 2.591968437697353997e-04 1.175519454733064983e-04 4.491363933510066943e-03
1.090571724743703453e+04 1.048853815360836356e-01 3.707328902431314107e-04 5.314775830729993276e-05 4.722895024454079604e-02 4.954624914090477276e-03 6.678256792223568050e-01 1.697513718632514823e-01 2.897963940871333571e-04 1.283014693135570551e-04 4.494186752342808552e-03
1.300620141412803241e+04 1.047236253382255039e-01 4.139664512457452380e-04 5.785926281863235896e-05 4.708969423080620192e-02 4.900018452477010629e-03 6.681057246513943948e-01 1.697282553995091980e-01 3.239628276177419297e-04 1.394305112702339791e-04 4.497347125955694289e-03
1.551124711807660788e+04 1.045428819544455129e-01 4.622460484029891148e-04 6.312490255204398061e-05 4.693635372834200487e-02 4.839096227240625818e-03 6.684174596567674653e-01 1.697024408273313245e-01 3.620368519690953576e-04 1.507737222031130828e-04 4.500880127928900618e-03
1.849877450741986104e+04 1.043412531610788674e-01 5.160629502813742810e-04 6.899969028819622678e-05 4.676799238309950479e-02 4.771263311167051741e-03 6.687637898841622963e-01 1.696736771248218978e-01 4.043693185652660893e-04 1.621337863373470032e-04 4.504822544697979769e-03
2.206171145823386905e+04 1.041166316999150854e-01 5.759552211678241372e-04 7.554406934700107624e-05 4.658357020929118630e-02 4.695871675877022651e-03 6.691479734969245641e-01 1.696416557473933995e-01 4.513381740494649659e-04 1.732976791091741327e-04 4.509213934106874946e-03
2.631088412214242999e+04 1.038668158689702858e-01 6.424872125890574315e-04 8.282173425396051488e-05 4.638201169553368003e-02 4.612246884624355073e-03 6.695733394832367180e-01 1.696061142780852238e-01 5.033318477506824613e-04 1.840389442090332550e-04 4.514096676820117740e-03
3.137846420479952212e+04 1.035893513129246962e-01 7.162709341810547491e-04 9.090199936740092916e-05 4.616207910199426889e-02 4.519660590579120327e-03 6.700437170700069833e-01 1.695666696516150429e-01 5.607638542975731510e-04 1.941351470817616841e-04 4.519514629942215228e-03
3.742208020380693779e+04 1.032814203644647905e-01 7.980170804406845359e-04 9.986545740147802848e-05 4.592228285463641202e-02 4.417270170620436233e-03 6.705634468559060757e-01 1.695229519612431457e-01 6.241103727818605963e-04 2.033626026693462132e-04 4.525520613894333695e-03
4.462972048727478250e+04 1.029400630619409646e-01 8.884606287197710029e-04 1.097958823830999655e-04 4.566110246301171433e-02 4.304216248419170249e-03 6.711370511901115776e-01 1.694745678647872345e-01 6.938463270406745138e-04 2.114769750181503031e-04 4.532168469501249991e-03
5.322558072465600708e+04 1.025618961024221815e-01 9.884296724688500062e-04 1.207877991702245926e-04 4.537680661197649595e-02 4.179547786196333332e-03 6.717697288956592239e-01 1.694210158809534850e-01 7.704895425125268338e-04 2.182108134781663789e-04 4.539517768535776543e-03
6.347703755582845042e+04 1.021431943145331422e-01 1.098837779006550750e-03 1.329457089169095861e-04 4.506755197131360330e-02 4.042245521198766303e-03 6.724670316228421596e-01 1.693618261042242890e-01 8.545838136662616599e-04 2.232534801157058982e-04 4.547635622307145443e-03
7.570296541635520407e+04 1.016797889875372951e-01 1.220684628249191044e-03 1.463842045376150620e-04 4.473132113605825938e-02 3.891236574677320228e-03 6.732352043228208016e-01 1.692963870190791198e-01 9.466872026432999110e-04 2.262675134937788498e-04 4.556592836450681222e-03
9.028365521610058204e+04 1.011669791100491822e-01 1.355098147774077806e-03 1.612327522070217719e-04 4.436584774401240716e-02 3.725353524807387910e-03 6.740811033871271230e-01 1.692240892096912863e-01 1.047394891346628771e-03 2.268905435637897272e-04 4.566470331434622359e-03
1.076726433944779128e+05 1.005998542559516234e-01 1.503229183124414961e-03 1.776242674098015017e-04 4.396883643628294452e-02 3.543471950819109071e-03 6.750116432544635003e-01 1.691443050417422156e-01 1.157252507691522393e-03 2.247558486256068103e-04 4.577347935569750850e-03
1.284108192984074267e+05 9.997286636473740051e-02 1.666342473802570005e-03 1.957053859390907552e-04 4.353765458671379068e-02 3.344410697710947528e-03 6.760343657820180319e-01 1.690561983606548579e-01 1.276814532096186153e-03 2.195105975365540000e-04 4.589308313511534718e-03
1.531432496969226922e+05 9.928018010772406143e-02 1.845739618758399005e-03 2.156282544764813805e-04 4.306969660135343686e-02 3.127036898142742608e-03 6.771556237680574908e-01 1.689589983109953675e-01 1.406553637953540528e-03 2.107617499644196240e-04 4.602434183299346053e-03
1.826392437636668328e+05 9.851531344174509208e-02 2.042760484602242684e-03 2.375509366206151056e-04 4.256226793809674003e-02 2.890331596974674445e-03 6.783799312039598961e-01 1.688514138931747344e-01 1.546781693133764688e-03 1.980885910825973554e-04 4.616794166633124419e-03
2.178162826541769609e+05 9.767059054474529212e-02 2.258921230843801212e-03 2.616531966757441961e-04 4.201242947159498919e-02 2.633306413574293056e-03 6.797068924232829712e-01 1.687317168339523832e-01 1.697581921894229448e-03 1.809914578628986663e-04 4.632455037629774897e-03
2.597685580141601095e+05 9.673741971964767983e-02 2.495720056902114847e-03 2.881159928845333546e-04 4.141695584512557898e-02 2.355325263180213426e-03 6.811263728753891300e-01 1.685972980604159566e-01 1.858459845478430779e-03 1.591473681376050079e-04 4.649448644926860649e-03
3.098010071170493611e+05 9.570509400253306154e-02 2.754831212856932287e-03 3.171450126261554517e-04 4.077059782512308661e-02 2.055899946094874239e-03 6.826165239015253849e-01 1.684440203146483073e-01 2.028276981006161151e-03 1.329999899837399149e-04 4.667764515237099107e-03
3.694699033033341984e+05 9.456005819928137157e-02 3.038263458132732086e-03 3.489918169897502048e-04 4.006496739582195155e-02 1.734666512123714472e-03 6.841428813433817480e-01 1.682663189801975601e-01 2.204980760240362030e-03 1.043189607751967733e-04 4.687320342530053828e-03
4.406312642986316350e+05 9.328647458446776009e-02 3.348273418600609605e-03 3.839517845963259486e-04 3.929032573713969745e-02 1.392762848756271075e-03 6.856610044689089856e-01 1.680580573978349701e-01 2.384469299365821367e-03 7.622736535566811025e-05 4.707763442276735426e-03
5.254985841648075730e+05 9.186759201839368727e-02 3.687325908925499947e-03 4.223763832497183339e-04 3.844105995356084798e-02 1.037110915424873216e-03 6.871241113889949848e-01 1.678149961211291841e-01 2.558375793746751805e-03 5.216242351073289150e-05 4.727667054959346603e-03
6.267116846526385052e+05 9.028666810201647908e-02 4.058404087458179418e-03 4.647359556240186935e-04 3.752127828000245691e-02 6.922474483300057168e-04 6.884966816757139840e-01 1.675384820589495560e-01 2.711832259864000502e-03 3.440504763119043479e-05 4.741964906319253575e-03
7.474188275966277579e+05 8.852876305570218929e-02 4.464821957177646933e-03 5.116544921615450835e-04 3.654505239283800666e-02 4.114767078305849187e-04 6.897539876946693349e-01 1.672380448502399086e-01 2.824486021117953924e-03 2.324093687231788854e-05 4.739877569740908077e-03
8.913746424810102908e+05 8.657344664077473717e-02 4.909475541185179086e-03 5.641135743150177276e-04 3.551941674077211536e-02 2.285651685665739119e-04 6.908748234528580001e-01 1.669165646005599801e-01 2.882485928450537974e-03 1.726721676214041526e-05 4.715293464747578704e-03
1.063056915241312236e+06 8.439110752156653295e-02 5.394278444312353149e-03 6.235654984605556788e-04 3.443403473395022230e-02 1.254132565144632351e-04 6.918299465744072174e-01 1.665623248409295043e-01 2.886584226198170636e-03 1.443474237376801019e-05 4.672999088730192194e-03
1.267805871049839538e+06 8.194846474419378857e-02 5.920072408516549763e-03 6.915920046348225702e-04 3.326771892103173173e-02 6.941492303579426524e-05 6.925775654942503134e-01 1.661561062247064735e-01 2.846652171383065588e-03 1.303508464457846222e-05 4.618864425244204736e-03
1.511990283515137387e+06 7.921252064690822992e-02 6.487058143474705614e-03 7.697532576787702221e-04 3.199811108992744318e-02 3.860609644984858526e-05 6.930677180400605097e-01 1.656796541438916304e-01 2.773250824026084020e-03 1.202621184324686439e-05 4.555482282195745525e-03
1.803205577168619493e+06 7.615100555399853532e-02 7.094745036740144305e-03 8.596776705093357599e-04 3.060493629582516223e-02 2.131488463669429470e-05 6.932548224023741268e-01 1.651164607262003703e-01 2.674334824445321040e-03 1.099637902135929390e-05 4.483320614272127795e-03
2.150510085271625314e+06 7.273134980895716584e-02 7.742114776999220634e-03 9.632147275407532258e-04 2.907010505837225728e-02 1.156243034809885384e-05 6.931006196299305255e-01 1.644520781267992116e-01 2.554924760841095939e-03 9.843613730935002099e-06 4.402042016938026610e-03
2.564706811808243860e+06 6.892141879091391587e-02 8.427180576398060619e-03 1.082558754201605640e-03 2.737728326308612459e-02 6.139614708482213358e-06 6.925800804509022468e-01 1.636733315275178124e-01 2.417908838195187600e-03 8.605292799670937590e-06 4.311122759339057475e-03
3.058679461949508172e+06 6.468857723726338660e-02 9.146955608465706655e-03 1.220479229286916935e-03 2.551068967892346911e-02 3.203045426330861137e-06 6.916844623574945894e-01 1.627678406393496813e-01 2.264745698184705228e-03 7.352546385340709190e-06 4.210058300799329051e-03
3.647793193310713861e+06 5.999913445403830953e-02 9.897229693542966555e-03 1.380643858292014041e-03 2.345411124497269809e-02 1.640194144981362760e-06 6.904235097703435020e-01 1.617234799069190987e-01 2.095972702704534951e-03 6.148699116569502460e-06 4.098407288501163155e-03
4.350372553481915034e+06 5.481709068650766903e-02 1.067231258903913321e-02 1.568096333601927276e-03 2.118962949672360818e-02 8.007314716407114310e-07 6.888267356300861177e-01 1.605274600387548434e-01 1.911513439410800815e-03 5.040548093439936345e-06 3.975739165346668484e-03
5.188271470212355256e+06 4.910548629960381078e-02 1.146428749483706724e-02 1.789710440974401654e-03 1.869752682387918613e-02 3.613427712614042919e-07 6.869425025140537544e-01 1.591666058963204511e-01 1.710951552938176200e-03 4.062496053794435209e-06 3.841616322950310112e-03
6.187553023953059688e+06 4.282658631127100185e-02 1.226202911874055453e-02 2.054900108378393628e-03 1.595532120465419090e-02 1.864213068645551444e-07 6.848411254062419795e-01 1.576254477694585820e-01 1.493630888276665462e-03 3.274682330539249365e-06 3.695590685911587410e-03
7.379300147273062728e+06 3.594449799165173876e-02 1.304853908753662167e-02 2.378131175527373794e-03 1.293755186042198739e-02 2.152691464229012568e-07 6.826495662997462688e-01 1.558895287729424317e-01 1.258591804741899297e-03 2.794981883680443119e-06 3.537320261755188319e-03
8.800582468181438744e+06 2.845092179604837360e-02 1.378406715648068138e-02 2.792462502798441666e-03 9.623113921760939257e-03 3.594901956592087556e-07 6.808021191459369126e-01 1.539701751706799848e-01 1.004038650272683639e-03 2.961514635612302944e-06 3.366703265867972573e-03
1.049560937128749304e+07 2.045500488554620119e-02 1.434347059155069264e-02 3.383302006207636325e-03 6.020979170618705016e-03 4.527728100774188903e-07 6.807872414917724990e-01 1.519862063855590140e-01 7.169848941766203800e-04 4.711926601627275311e-06 3.182268753327216829e-03
1.251710514308957942e+07 1.238392892849004591e-02 1.442666943187644393e-02 4.197457408355268794e-03 2.467780357542112384e-03 3.991913996150703896e-07 6.850537961769735951e-01 1.502509301770133532e-01 3.607330205084106878e-04 7.817882569842166655e-06 2.982522343632979748e-03
1.492794897567152604e+07 5.563348198353181180e-03 1.346265363615727767e-02 4.742687203480213352e-03 5.701574012642043280e-04 2.075285670804434032e-07 6.865193972979388715e-01 1.486910928228082351e-01 1.116367529068533720e-04 1.429311760226255534e-06 2.773826356328594738e-03
1.780313084158118069e+07 1.525657441705387685e-03 1.065777571872929264e-02 5.663892891687338782e-03 9.275236079303937457e-05 1.056516050726336395e-07 6.808180578348352885e-01 1.470789088347632667e-01 2.661469634848412358e-05 1.700961118084905085e-07 2.546130546740613468e-03
2.123208407792680711e+07 2.499470491963220759e-04 7.426611970322635238e-03 6.536004756822838546e-03 1.316180104271555914e-05 2.058145388997261376e-08 6.665417547131388121e-01 1.450119484747504905e-01 4.877549406162048586e-06 1.798779435488986012e-08 2.279468656649275959e-03
2.532146723537289724e+07 4.339991591940734405e-05 4.806838541753801451e-03 6.804160351805226513e-03 1.735621503173938135e-06 2.046644410156771278e-09 6.468428333459450563e-01 1.424909210036131302e-01 6.944538301114584166e-07 1.738025789919436854e-09 1.982582489933918616e-03
3.019848172222705930e+07 1.170563836585112193e-05 2.860764903398808900e-03 6.603020816953630856e-03 2.144251542827474250e-07 1.882205163999715121e-10 6.284040709002822744e-01 1.399594711940384817e-01 9.214212447915831143e-08 1.546944743055665109e-10 1.680276569756414436e-03
3.601482843986752629e+07 5.840455061689281279e-06 1.559524478796171830e-03 6.008842872586969176e-03 2.503253535579149828e-08 1.767790576509405105e-11 6.123635835157255070e-01 1.375078313727671198e-01 1.382679998449076331e-08 1.281911883044495853e-11 1.387264819314421461e-03
4.295142648176272959e+07 3.855367293728549356e-06 7.873374345656172562e-04 5.148257560586027085e-03 2.813585509867696241e-09 2.049638476932430092e-12 5.990409009252808392e-01 1.351391622372292711e-01 2.681312976559213364e-09 1.008895613607035609e-12 1.114763131678872402e-03
5.122404067253844440e+07 2.781848910946207755e-06 3.731578804573243901e-04 4.175402078920270425e-03 3.093262987908182456e-10 4.005580187398300092e-13 5.879520820277734927e-01 1.327680479903697031e-01 6.756159788706611357e-10 7.653996071064427578e-14 8.693444861644159926e-04
6.108999299327083677e+07 2.066609814650759811e-06 1.673646303624245363e-04 3.220728342448418973e-03 3.358031463802859726e-11 1.398373738986856156e-13 5.782551965763290669e-01 1.303008383417729177e-01 2.033380332318163725e-10 5.647472489131629594e-15 6.552127153898724098e-04
7.285616665376856923e+07 1.569476658315803948e-06 7.115124773138473287e-05 2.367970307023040729e-03 3.629519003095929729e-12 7.819224716954742437e-14 5.690995678007071401e-01 1.276330881314650390e-01 8.711855588136640160e-11 4.083405976415986943e-16 4.748690003258945269e-04
8.688855178075379133e+07 1.190226593213209483e-06 2.855999076310019192e-05 1.659470342854483214e-03 3.929868198257587424e-13 6.684439687688003564e-14 5.597491236314604546e-01 1.246871631688923621e-01 1.291169534679716231e-10 2.909982822781810983e-17 3.290241953088714785e-04
1.036236296432461143e+08 8.956593992214198700e-07 1.071848382862680539e-05 1.106629434969320794e-03 4.297852872886126517e-14 7.420866480530158140e-14 5.495742088289665706e-01 1.213834266881309298e-01 4.870115762190933502e-10 2.054606858396198326e-18 2.162591432321369299e-04
1.235819495246687233e+08 6.635486017119692987e-07 3.681263052863766960e-06 6.998576702094833069e-04 4.992711626950745271e-15 8.793971270044002662e-14 5.379390917949617990e-01 1.176435911512775795e-01 1.963741147272720626e-09 1.440067311403195047e-19 1.332390744530390059e-04
1.473843205540824234e+08 4.785408445443479338e-07 1.099037421263662816e-06 4.175123208522202637e-04 1.126018763738701273e-15 1.010755431154233235e-13 5.239722806740728656e-01 1.133715976628778405e-01 7.062659643703602075e-09 9.977125942403243984e-21 7.549013340856182343e-05
1.757711221480000913e+08 3.228837740648263650e-07 2.420265571221399358e-07 2.329755419902644208e-04 1.323127071723595406e-15 1.114571146665571865e-13 5.062207938702434351e-01 1.084409653334634932e-01 2.227610143474871237e-08 6.590543908774962436e-22 3.815654401214716400e-05
2.096253337194720209e+08 1.770591386955050215e-07 2.255087469261909981e-08 1.195188047543428391e-04 2.364771073338388522e-15 1.098364767347752943e-13 4.831968900707793724e-01 1.027421677421489210e-01 6.164889932795742191e-08 3.735771788165092485e-23 1.643581846246091943e-05
2.499999999999999404e+08 4.652266591538331951e-08 2.983383150422320330e-10 4.784109456237799316e-05 3.074758072487866771e-15 3.020291798845624347e-14 4.585552369339803702e-01 9.651867665969608712e-02 1.027588367645032726e-07 6.378595296838244766e-24 5.601893137933893299e-06
