,Pressure (bars),H2,He,H2O,CH4,NH3,N2,C2H6,CO2,CH3NH2,CO
0,1.0,0.66480239244,0.17004514354,0.10633831920999999,0.04870401106399999,0.0058147219665,0.0042728098109,3.2899864552e-10,3.5057006542e-10,1.4697182815e-14,2.7017152174e-11
1,0.8837078743614601,0.66359387576,0.17029118924,0.10649218642,0.04877448679699999,0.007270154672099999,0.0035554833550000002,1.8141589619e-10,9.7167969923e-11,7.5354751966e-15,5.2669377021e-12
2,0.7809396072084505,0.66232316382,0.17054990156,0.10665397217,0.048848588174,0.0088004725768,0.0028012488411,1.0058389784e-10,2.7351528437e-11,3.7645107645e-15,1.0427975913e-12
3,0.6901224802908534,0.66100248227,0.17081879337,0.1068221203,0.048925601967,0.010390941285,0.0020173682643,5.4192237351e-11,7.1627613799e-12,1.7544204924e-15,1.8830562511e-13
4,0.6098666701068889,0.659790817,0.17106549574,0.10697638927,0.048996257054,0.011850091908,0.0012982092345,2.8303872037e-11,1.7347829235e-12,7.5280324244e-16,3.0804853889e-14
5,0.5389439786840606,0.65890164974,0.17124653967,0.10708959869,0.049048105563,0.01292085103,0.00077047334647,1.4838597143e-11,4.2522523171e-13,3.1039095934e-16,5.1062959507e-15
6,0.47626903780279933,0.65827347531,0.17137444458,0.10716957901,0.049084734842,0.013677304061,0.00039764679543,7.3482680561e-12,9.0217885916e-14,1.1394396002e-16,7.0704039038e-16
7,0.42088269902088893,0.65792906443,0.17144457187,0.10721343038,0.049104817586,0.014092043041,0.00019323792897,3.6143880152e-12,1.8861493251e-14,4.0265549783e-17,9.5960176597e-17
8,0.371937355307264,0.6577526341,0.17148049587,0.10723589411,0.049115105302,0.014304499348,8.8526399083e-05,1.7380556208000002e-12,3.7317155963e-15,1.3532516403e-17,1.2136741707e-17
9,0.32868396965420543,0.65766681995,0.17149796901,0.1072468203,0.049120109156,0.014407836059,3.7595714643e-05,7.9995850468e-13,6.6160007042e-16,4.2177805024e-18,1.3364853342e-18
10,0.2904606121598046,0.65763025892,0.17150541342,0.10725147540000002,0.049122241043,0.01445186252,1.5896767603e-05,3.6822901017e-13,1.1766043276e-16,1.3073101327e-18,1.4733093457e-19
11,0.25668233015746944,0.65761381768,0.17150876112,0.10725356877,0.049123199738,0.014471660919000002,6.1388994801e-06,1.5901526951e-13,1.7847240701e-17,3.6662572629e-19,1.3288093985e-20
12,0.22683219636960386,0.65760746118,0.17151005541,0.1072543781,0.049123570388,0.014479315361,2.3663201937e-06,6.8448779398e-14,2.6944784714e-18,1.020602465e-19,1.1879606477e-21
13,0.20045339809052398,0.65760494207,0.17151056834,0.10725469885,0.049123717278,0.014482348844,8.7123324545e-07,2.8481068368e-14,3.740630364e-19,2.6931923047e-20,9.5425369394e-23
14,0.17714224633510853,0.65760397448,0.17151076536,0.10725482204,0.049123773699,0.014483514007000002,2.9696926101999994e-07,1.1176174886e-14,4.500898144200001e-20,6.4894365798e-21,6.3922557779e-24
15,0.15654199796841292,0.6576036546900002,0.17151083047,0.10725486276000001,0.049123792346,0.014483899097,1.0717285694e-07,4.5547232483e-15,5.9756121419e-21,1.6537815921e-21,4.829729306e-25
16,0.1383373962729622,0.65760355319,0.17151085114000003,0.10725487568,0.049123798264,0.014484021324,4.6931874348e-08,2.1240059823e-15,1.1178842817e-21,5.1692857631e-22,5.5896085479e-26
17,0.12224984640507844,0.65760351341,0.17151085924,0.10725488075,0.049123800584,0.014484069223,2.3324355360000002e-08,1.0815836001e-15,2.6167619526e-22,1.8463633982000002e-22,8.5489592157e-27
18,0.10803315190764665,0.65760349644,0.17151086269,0.10725488291,0.049123801573,0.014484089655,1.3254377422000002e-08,6.0538399394e-16,7.7804431969e-23,7.614362086e-23,1.7619477218e-27
19,0.09546974703287517,0.6576034889,0.17151086423,0.10725488387,0.049123802013,0.014484098744,8.7748104219e-09,3.776909154e-16,3.0414923537e-23,3.7047308902e-23,5.1114539203e-28
20,0.08436736721624842,0.65760348458,0.17151086511,0.10725488442,0.049123802265,0.014484103939,6.2145622332e-09,2.4702792334e-16,1.3405630606e-23,1.9368273077e-23,1.7221869925e-28
21,0.07455610674814364,0.65760348246,0.17151086554,0.10725488469,0.049123802389,0.014484106496,4.9543388612e-09,1.7579548992e-16,7.3077633474e-24,1.1517261376000001e-23,7.5690638412e-29
22,0.06588581861506813,0.65760348133,0.17151086577,0.10725488483000001,0.049123802454,0.014484107857,4.2832255143e-09,1.3255918391e-16,4.608413134e-24,7.4813575138e-24,3.991647561999999e-29
23,0.058223816718886594,0.65760348081,0.17151086588,0.1072548849,0.04912380248500001,0.014484108485,3.9737837492e-09,1.0511440998e-16,3.2988757565e-24,5.2478198832e-24,2.4667540279999998e-29
24,0.051452845309858525,0.65760348069,0.1715108659,0.10725488492,0.049123802492,0.014484108624,3.9054213503e-09,8.6885490761e-17,2.6203204842e-24,3.9221495337e-24,1.7365380626e-29
25,0.045469284558624104,0.65760348087,0.17151086587,0.10725488489,0.049123802481,0.014484108407999999,4.0115412539e-09,7.4137148267e-17,2.2539568398e-24,3.0772339454000002e-24,1.3507800208e-29
26,0.04018156480603808,0.6576034815,0.17151086574,0.10725488481,0.049123802445,0.014484107654,4.3834198781e-09,6.612533921900001e-17,2.167238687e-24,2.5835269449e-24,1.2079523872e-29
27,0.03550876522326117,0.65760348257,0.17151086552,0.10725488468,0.049123802382,0.014484106365,5.0186542599e-09,6.1006592727e-17,2.2675136818999998e-24,2.2840447883000005e-24,1.2008844977e-29
28,0.031379375436648274,0.65760348394,0.17151086524,0.1072548845,0.049123802301999996,0.014484104705,5.83685079e-09,5.691628082e-17,2.4402443529e-24,2.0540549955e-24,1.2367090746e-29
29,0.027730201165910608,0.65760348611,0.1715108648,0.10725488423,0.049123802176,0.014484102096999999,7.122209450300001e-09,5.496862667999999e-17,2.8638971968e-24,1.9475394086e-24,1.4197105868e-29
30,0.0245053971279426,0.65760348898,0.17151086421,0.10725488386,0.049123802008,0.014484098638,8.8271913786e-09,5.3704990716e-17,3.4583503475e-24,1.8794874444e-24,1.6892909197e-29
31,0.021655612406317543,0.65760349285,0.17151086343,0.10725488337,0.049123801783,0.014484093982,1.1121973098e-08,5.308340365499999e-17,4.3010434294e-24,1.8463202616e-24,2.085461132e-29
32,0.019137235207582544,0.6576034985,0.17151086228,0.10725488265000001,0.049123801453,0.014484087178,1.4475200634e-08,5.3704988726e-17,5.6711574258e-24,1.879485909e-24,2.7701748024e-29
33,0.01691172544644807,0.6576035063800001,0.17151086067,0.10725488163999998,0.049123800994,0.014484077688,1.9152512802e-08,5.496862234e-17,7.7014032417e-24,1.9475360197e-24,3.8177921777e-29
34,0.01494502494606524,0.65760351675,0.17151085856,0.10725488032,0.049123800389,0.014484065204,2.5305489557e-08,5.6260001819e-17,1.0443322488e-23,2.0179396349e-24,5.2538558433e-29
35,0.01320703622736631,0.6576035305,0.17151085576,0.10725487857,0.04912379958700001,0.014484048638,3.3469965079e-08,5.7579691263e-17,1.4175618093e-23,2.0907740959e-24,7.2371675613e-29
36,0.011671161911100682,0.65760354873,0.17151085205,0.10725487625,0.049123798524,0.014484026693999999,4.4285599343e-08,5.8928265249e-17,1.9248422503e-23,2.1661191093e-24,9.972385722400002e-29
37,0.01031389768378722,0.65760357283,0.17151084714,0.10725487318,0.049123797119,0.014483997674,5.8588148242e-08,6.0306308957e-17,2.6131929004e-23,2.2440567807e-24,1.3738612116e-28
38,0.009114472598521184,0.65760360665,0.17151084024999996,0.10725486888,0.049123795147,0.014483956948,7.8660379386e-08,6.242994109e-17,3.6469434562e-23,2.3660136934e-24,1.9598968579e-28
39,0.008054531205964931,0.65760365211,0.171510831,0.10725486309,0.04912379249599999,0.0144839022,1.0564386145e-07,6.4623284842e-17,5.0908569429e-23,2.4942941641e-24,2.7964423457e-28
40,0.007117852651001318,0.65760371322,0.17151081856,0.10725485531,0.049123788933,0.014483828616,1.4191058916e-07,6.6888456367e-17,7.1071881684e-23,2.6292090882e-24,3.9902642368999997e-28
41,0.00629010243623446,0.65760380563,0.17151079974,0.10725484354000002,0.049123783545,0.014483717339999999,1.9675402154e-07,7.0829309142e-17,1.0505460545e-22,2.8697142853e-24,6.1162487742e-28
42,0.005558613053440596,0.65760395578,0.17151076917,0.10725482443,0.049123774789,0.01448353653,2.858685334e-07,7.758859691e-17,1.6901774318e-22,3.2988359203e-24,1.0425641199e-27
43,0.004912190125853856,0.6576041737,0.17151072479,0.10725479668,0.049123762082,0.014483274114000001,4.1520305878e-07,8.4946557359e-17,2.7166771955e-22,3.7889123804e-24,1.7748259837e-27
44,0.004340941094577661,0.6576045376799999,0.17151065068,0.10725475033,0.049123740857999997,0.014482835803,6.31229613e-07,9.613160489699999e-17,4.7429954182e-22,4.577546205100001e-24,3.3513926287e-27
45,0.0038361238274175345,0.65760508917,0.17151053839,0.10725468012000001,0.04912370870100001,0.014482171713,9.5853409517e-07,1.0867960817e-16,8.2618777376e-22,5.5216313408e-24,6.3099052362e-27
46,0.003390012833314499,0.65760596067,0.17151036094,0.10725456915,0.049123657883,0.014481122254,1.47577212e-06,1.2410232391e-16,1.4756268943e-21,6.7629080203e-24,1.225866443e-26
47,0.002995781034986427,0.65760735428,0.17151007718,0.10725439171,0.049123576622,0.014479444088999998,2.3028749582e-06,1.4310030442e-16,2.7006700694e-21,8.4069181038e-24,2.4554641612999999e-26
48,0.002647395290480231,0.65760952094,0.17150963601,0.10725411585,0.049123450282,0.014476835008,3.5887903415e-06,1.6478297564e-16,4.9292808134e-21,1.0428074969e-23,4.9007372271e-26
49,0.0023395240647448253,0.65761300891,0.1715089258,0.10725367173999999,0.049123246898,0.014472634834,5.6588943956e-06,1.9153497089e-16,9.2009060585e-21,1.3119775166e-23,1.0062178013e-25
50,0.002067455838273131,0.65761806098,0.17150789712,0.10725302849,0.04912295231,0.014466551175000002,8.6572953623e-06,2.1763066451e-16,1.6249063399e-20,1.5940888349e-23,1.9267371217e-25
51,0.0018270270041765395,0.65762571941,0.17150633774,0.10725205339,0.04912250574399999,0.014457328968,1.3202566201999999e-05,2.4700653218e-16,2.8582033633e-20,1.9331305479e-23,3.6720816562e-25
52,0.0016145581502618365,0.65763781354,0.17150387518,0.10725051351,0.049121800531,0.014442765315999999,2.0380429253e-05,2.8296925557e-16,5.1459657471000004e-20,2.3769657853e-23,7.205626415900001e-25
53,0.0014267977510008586,0.6576548915,0.17150039783,0.10724833908,0.04912080471,0.014422200194,3.0516185730000004e-05,3.1713865554e-16,8.7765045427e-20,2.8252588669e-23,1.3209642652e-24
54,0.0012608724076806808,0.65768133928,0.17149501263999997,0.10724497164,0.049119262531,0.014390352005,4.6212931541e-05,3.5876127837000003e-16,1.5320989856e-19,3.4036064306e-23,2.4934184161000002e-24
55,0.0011142428752325111,0.6577194007499999,0.17148726272,0.10724012551,0.049117043154,0.014344518696,6.8802403726e-05,4.0130638282999996e-16,2.6016182067e-19,4.0266305615e-23,4.5458958411e-24
56,0.000984665202794123,0.65777514144,0.17147591302,0.10723302839,0.049113792895,0.014277396168999998,0.00010188451166,4.4847604619e-16,4.4025323413e-19,4.7499496113e-23,8.2550900348e-24
57,0.0008701563933188907,0.65785637853,0.17145937186,0.107222685,0.049109055933,0.014179571006999998,0.0001500987661,5.0071012125e-16,7.436119766799999e-19,5.5831754882e-23,1.4955356802e-23
58,0.0007689640567018716,0.65797329053,0.17143556675,0.10720779938,0.049102238754,0.014038786167,0.0002194861907,5.5847612454e-16,1.2530015369e-18,6.533031785e-23,2.701691287e-23
59,0.0006795395920083764,0.6581389732,0.17140183122,0.10718670417,0.049092577733,0.01383927152,0.00031781927436,6.2226612181e-16,2.1064270487e-18,7.6005599287e-23,4.8672648975e-23
60,0.0006005144883981762,0.65836856146,0.17135508364999996,0.10715747242,0.049079190337000006,0.013562801064,0.0004540809112,6.9259550637e-16,3.5307640316e-18,8.7780451286e-23,8.7398287824e-23
61,0.000530679382065612,0.6586782487,0.17129202702,0.10711804244,0.049061132285,0.013189873500000001,0.00063788253868,7.7000216484e-16,5.901422183400001e-18,1.0045266875e-22,1.5644061414e-22
62,0.0004689655486926548,0.65908216122,0.17120978534,0.10706661575,0.049037579795,0.012703475814,0.0008776092122000001,8.550533404299999e-16,9.8358324686e-18,1.1367422885e-22,2.7915453256e-22
63,0.00041442854818394187,0.65956985774,0.17111048508,0.10700452188,0.049009141598,0.012116178792,0.0011670652717,9.3940401822e-16,1.5964840376e-17,1.2535764484e-22,4.8204730459e-22
64,0.00036623377139033723,0.66017336129,0.17098760671,0.10692768371,0.048973950223,0.011389415734,0.0015252587489,1.0407727764e-15,2.6461403806e-17,1.3805473669e-22,8.5503496345e-22
65,0.00032364366763473594,0.6608157086,0.17085682119,0.10684590024,0.048936493386,0.01061586599,0.0019065115617,1.1304813554e-15,4.1731433956e-17,1.4628575719e-22,1.4253983583e-21
66,0.00028600645757603945,0.66151550217,0.17071434129,0.10675680297,0.048895686241,0.0097731261105,0.002321865502,1.2270101382e-15,6.5672783939e-17,1.5295416938e-22,2.3707238611e-21
67,0.0002527461586781727,0.66222421983,0.17057004638,0.10666656966,0.04885435823,0.0089196295996,0.002742520951,1.3186960213e-15,1.0086997001e-16,1.5617882035000003e-22,3.8246389293e-21
68,0.00022335377063851234,0.66291410361,0.17042958773,0.10657873437999998,0.048814128083,0.0080888064174,0.0031520015758,1.4036777195e-15,1.510637729e-16,1.5613859179e-22,5.9792063065000004e-21
69,0.00019737948588157686,0.66354514135,0.17030111125,0.10649839139,0.048777329198,0.0073288453622999995,0.0035265569858,1.4666454757e-15,2.1611237509000002e-16,1.5157363489e-22,8.8226030943e-21
70,0.00017442580591096613,0.66415670081,0.17017660144,0.10642052842,0.048741665947,0.0065923376514,0.0038895531401,1.5323157271e-15,3.0920341119e-16,1.4605235121e-22,1.3017522188e-20
71,0.00015414145817536454,0.664691127,0.17006779617,0.10635248601,0.048710500583,0.0059487194701,0.0042067676332,1.5719771336e-15,4.2240779698e-16,1.3726976971999998e-22,1.8122228224e-20
72,0.00013621602035512732,0.66519417006,0.16996538074,0.1062884393,0.048681165231,0.0053428944909,0.0045053553154,1.6127726737e-15,5.7683973344e-16,1.2841329902e-22,2.5216095737e-20
73,0.00012037516980200683,0.66562186637,0.16987830559,0.10623398566000002,0.048656223715,0.0048278099354,0.0047592205527,1.6249367097000003e-15,7.5234334494e-16,1.175342192e-22,3.3117275087e-20
74,0.0001063764854316313,0.66600190727,0.16980093284,0.10618559946,0.048634061226,0.0043701171559,0.0049847996038,1.6225303638999998e-15,9.5984402331e-16,1.0628243296e-22,4.2294599961e-20
75,9.400573782282984e-05,0.66633742134,0.16973262545,0.10614288237,0.04861449534,0.0039660487291,0.0051839492868,1.6055987464e-15,1.1975473933e-15,9.5027761404e-23,5.2511727973e-20
76,8.307361074919351e-05,0.66661510753,0.16967609133,0.10610752785,0.048598301739,0.003631623733,0.0053487744188,1.5602275951e-15,1.4269977926e-15,8.3367253056e-23,6.1540311627e-20
77,7.341280397070116e-05,0.6668733412800001,0.16962351757000002,0.10607464999,0.04858324252099999,0.0033206257065000002,0.0055020533043,1.5161693649e-15,1.7001769301e-15,7.3030179042e-23,7.2104898602e-20
78,6.487547294786288e-05,0.6671126933,0.16957478797,0.10604417613000001,0.048569284408000006,0.0030323674113,0.0056441246568,1.4733816956e-15,2.0253266458e-15,6.3890584923e-23,8.446214145999999e-20
79,5.733096629695033e-05,0.66733451608,0.16952962716,0.10601593407999998,0.048556348533,0.0027652200474,0.0057757912486,1.4318194286e-15,2.4136737533e-15,5.5813653012e-23,9.8970458238e-20
80,5.0663826361366494e-05,0.66751443664,0.16949299722,0.10599302694,0.048545856237,0.0025485367206,0.0058825860705,1.365978711e-15,2.7456567277e-15,4.7903447467e-23,1.0939115083e-19
81,4.4772022300821296e-05,0.6676930373,0.16945663600000002,0.10597028786,0.048535440913,0.0023334430014,0.0059885974365,1.3151668631e-15,3.1956930565e-15,4.14198967e-23,1.244276687e-19
82,3.956538865832268e-05,0.66784706811,0.16942527695,0.10595067697,0.048526458411,0.0021479394676,0.0060800249459,1.2544630265000002e-15,3.6320171042e-15,3.5492783708e-23,1.3737212268e-19
83,3.4964245509531364e-05,0.66799040658,0.16939609474,0.10593242741000002,0.048518099447,0.001975313042,0.0061651058273,1.1964220844e-15,4.1300357572e-15,3.037853201e-23,1.5172117255e-19
84,3.08981790778802e-05,0.66810380881,0.16937300724,0.10591798928,0.048511486254,0.0018387396866,0.0062324175464,1.1197306866e-15,4.4746771564e-15,2.5568918631000004e-23,1.5774467207e-19
85,2.7304964154553252e-05,0.66821901974,0.16934955151,0.10590332087,0.048504767585,0.0016999880939,0.0063008028345,1.0575820772e-15,4.9652317186e-15,2.1675008572e-23,1.6894324763e-19
86,2.412961183253612e-05,0.66832540314,0.16932789296,0.10588977636,0.048498563705,0.0015718677646,0.0063639483845,9.9868594158e-16,5.5020650583e-15,1.8369850678e-23,1.8065898242e-19
87,2.1323527981697637e-05,0.66842452357,0.16930771308,0.10587715656,0.048492783375,0.0014524944378,0.0064227828757,9.428766002400002e-16,6.0984976018999995e-15,1.5553654111e-23,1.9320343449000003e-19
88,1.8843769586593097e-05,0.6685091059,0.16929049300000001,0.10586638773,0.048487850854,0.0013506297648999998,0.0064729880292,8.8154045392e-16,6.593730745e-15,1.3055437332e-23,2.0029534039e-19
89,1.6652387566325318e-05,0.66858776466,0.1692744789,0.10585637307,0.048483263773,0.0012558990151,0.0065196771484,8.2394833479e-16,7.1226491378e-15,1.0953127016e-23,2.0741064661e-19
90,1.4715846019280558e-05,0.66866063127,0.16925964402,0.10584709586,0.048479014469,0.0011681439197,0.006562928237600001,7.69886669e-16,7.6826252367e-15,9.1875020271e-24,2.1441279434e-19
91,1.3004509005128978e-05,0.6687234559,0.16924685357,0.10583909717,0.048475350776,0.0010924826586,0.0066002187441,7.1220358234e-16,8.0976699897e-15,7.6309266843e-24,2.1521884836e-19
92,1.1492187010036997e-05,0.66878150617,0.16923503514,0.10583170634,0.048471965506,0.00102257128,0.0066346753561,6.5857136594e-16,8.5131286084e-15,6.339208918399999e-24,2.1540788873e-19
93,1.0155736154404181e-05,0.66883541672,0.16922405951,0.10582484256999998,0.04846882164900001,0.0009576454883,0.0066666747655,6.0872368221e-16,8.9326181762e-15,5.2654912027e-24,2.1511767024e-19
94,8.974704009584349e-06,0.6688865356,0.16921365223,0.10581833422999999,0.048465840592,0.00089608178655,0.0066970171308,5.6240907092e-16,9.3816483549e-15,4.3670107603e-24,2.1496841145e-19
95,7.931016603333059e-06,0.66893404321,0.16920398017,0.10581228568,0.04846307013,0.0008388672336900002,0.0067252159691,5.1939642291e-16,9.835998513e-15,3.6211007605e-24,2.1437957573e-19
96,7.008701824056906e-06,0.66898278412,0.16919405702,0.10580608009999999,0.048460227748,0.0007801673866799999,0.0067541468513,4.8427733027e-16,1.0561574572e-14,3.0267664542e-24,2.2028496149e-19
97,6.193644990970618e-06,0.66903219513,0.16918399745,0.1057997892,0.048457346288,0.00072066054783,0.0067834754687,4.5593331214e-16,1.1621464175e-14,2.5503265021e-24,2.333834088e-19
98,5.47337284952015e-06,0.66908545581,0.16917315412,0.10579300818,0.048454240331,0.00065651746667,0.0068150891104,4.3786861446e-16,1.3447011374e-14,2.1846184464e-24,2.6330206584e-19
99,4.836862686437171e-06,0.66913394193,0.16916328284,0.10578683504,0.048451412809,0.00059812452357,0.0068438687317,4.2047985345e-16,1.5548803901e-14,1.8711766496e-24,2.9682965904e-19
100,4.2743736432096545e-06,0.66918756308,0.16915236612,0.10578000813,0.048448285832,0.00053354734756,0.006875696321999999,4.1616686786e-16,1.9405797703e-14,1.643365146e-24,3.6815514694e-19
101,3.7772976464674546e-06,0.66923818126,0.16914206077,0.10577356354000002,0.048445333976,0.00047258672705000006,0.0069057414522000005,4.1608468383e-16,2.48368084e-14,1.4554031675e-24,4.7125337442e-19
102,3.3380276739903005e-06,0.6692854923,0.16913242872,0.10576754000999998,0.048442574981,0.00041560899532,0.0069338235707,4.2023129428999993e-16,3.2602088797e-14,1.2996623638e-24,6.2263467674e-19
103,2.949841340341698e-06,0.66932928073,0.16912351384,0.10576196498,0.048440021411,0.00036287362007,0.0069598147959,4.2872478166000007e-16,4.3895465631e-14,1.1701293524e-24,8.4918115397e-19
104,2.606798020576923e-06,0.66936940563,0.16911534482,0.10575685637,0.048437681485,0.00031455033919,0.0069836314706,4.4180851701e-16,6.0617737611e-14,1.0620921512e-24,1.1954314353e-18
105,2.3036479376536947e-06,0.66940422084,0.16910825679,0.10575242378,0.048435651198,0.00027262162164,0.0070042965125,4.5527198594e-16,8.3693003818e-14,9.6380554466e-25,1.6824190918e-18
106,2.0357518222611085e-06,0.66943444878,0.16910210268000003,0.10574857524,0.048433888424,0.00023621747677,0.0070222387065,4.6912436082e-16,1.1556393178e-13,8.743011304e-25,2.3679043332e-18
107,1.799009915577833e-06,0.66946068025,0.16909676222,0.10574523551,0.04843235870700001,0.00020462635819,0.007037808746000001,4.8337517834e-16,1.5958367739e-13,7.9285310609e-25,3.3327642758e-18
108,1.589799228450477e-06,0.66948132798,0.16909255855,0.10574260669,0.048431154613,0.00017975985638,0.007050064482300001,4.8819148923e-16,2.0945127623000004e-13,7.0717662675e-25,4.4021742242e-18
109,1.4049180968354607e-06,0.66949950669,0.16908885754,0.10574029223,0.048430094503,0.00015786686309,0.0070608546913,4.9305708907e-16,2.7501342383e-13,6.3056286779e-25,5.8170303324e-18
110,1.241537185006413e-06,0.6695146366699999,0.16908577723,0.10573836591,0.048429212182,0.0001396455123,0.0070698352899,4.9302798187e-16,3.5188467727e-13,5.5775910716e-25,7.4432999018e-18
111,1.0971561867027262e-06,0.66952811292,0.1690830336,0.10573665015,0.0484284263,0.00012341577515,0.007077834299100001,4.9300205749e-16,4.509975519e-13,4.9291788094e-25,9.5401484996e-18
112,9.695655615935915e-07,0.66953933464,0.16908074897,0.10573522143,0.048427771894,0.0001099012276,0.0070844950965,4.8808100585e-16,5.6292499849e-13,4.3228460281e-25,1.1833213802e-17
113,8.568127214899482e-07,0.66954878243,0.16907882549,0.10573401856,0.048427220936,9.8523057829e-05,0.007090102956,4.783999869e-16,6.8549637335e-13,3.7586587383000004e-25,1.4229139558e-17
114,7.571721488337399e-07,0.66955724645,0.1690771023,0.10573294094,0.048426727348,8.8329675089e-05,0.0070951268797999996,4.68899636e-16,8.3453657388e-13,3.268223684e-25,1.710531545e-17
115,6.691189901715636e-07,0.66956530146,0.16907546238,0.1057319154,0.048426257611,7.8628861224e-05,0.0070999080355,4.6420862852e-16,1.0420981486e-12,2.8650396766e-25,2.1225208330999995e-17
116,5.913057204993992e-07,0.66957206109,0.16907408619,0.10573105478,0.048425863416,7.0488098633e-05,0.0071039203023,4.5497392762e-16,1.2686433196e-12,2.4908539978e-25,2.5514156321e-17
117,5.225415213602959e-07,0.6695777571399999,0.16907292653,0.10573032957,0.048425531245,6.3628233594e-05,0.007107301264299999,4.4144948798e-16,1.5060580435e-12,2.1472261884e-25,2.971739693e-17
118,4.617740571069106e-07,0.66958322214,0.16907181391,0.10572963377999998,0.048425212548,5.7046623336e-05,0.0071105450852,4.3263917467e-16,1.832741166e-12,1.8667915929e-25,3.5706484363e-17
119,4.080733704412155e-07,0.66958812747,0.16907081523,0.10572900925,0.048424926488,5.113902989600001e-05,0.007113456709400001,4.2399359773e-16,2.2307073049e-12,1.6226990357e-25,4.2909830153e-17
120,3.6061765077612333e-07,0.66959252964,0.169069919,0.10572844877,0.04842466977,4.5837405789e-05,0.0071160696747,4.1550979607e-16,2.7155819669e-12,1.4102842319e-25,5.1574706744e-17
121,3.1868065762459134e-07,0.66959646786,0.16906911722,0.10572794737,0.048424440109,4.1094538317e-05,0.0071184072505,4.0718488967e-16,3.3041547747999997e-12,1.2258950536e-25,6.1956275755e-17
122,2.816206065495399e-07,0.66960000599,0.16906839689,0.10572749690000001,0.048424233778,3.6833499920999994e-05,0.0071205073514,3.9901601044e-16,4.0219863599e-12,1.0653101523e-25,7.4457434497e-17
123,2.4887034759027854e-07,0.66960316824,0.16906775308,0.10572709428999999,0.048424049367,3.3025132936e-05,0.0071223843481,3.9100040338e-16,4.8922490356e-12,9.2602518489e-26,8.9414937706e-17
124,2.199286858606028e-07,0.66960618775,0.16906713834,0.10572670985000002,0.048423873279999995,2.9388680578e-05,0.0071241766147,3.8704685498e-16,6.1096548161e-12,8.1137569121e-26,1.1095167807e-16
125,1.9435271149298263e-07,0.66960870688,0.16906662547,0.10572638912,0.048423726374,2.6354850309e-05,0.007125671872199999,3.792563247e-16,7.428204993e-12,7.0537408355e-26,1.3317485866e-16
126,1.7175102154984983e-07,0.66961111109,0.169066136,0.10572608302,0.048423586168,2.3459409897e-05,0.0071270989227,3.7541433757e-16,9.2708266089e-12,6.1819569622e-26,1.6514510518e-16
127,1.5177773017322716e-07,0.66961325442,0.16906569964,0.10572581013,0.048423461175,2.0878169439e-05,0.0071283711161,3.7160897458e-16,1.1574520917e-11,5.4168491051e-26,2.0485983547e-16
128,1.3412717530678982e-07,0.6696152744699999,0.16906528838000004,0.10572555292999998,0.048423343371,1.8445392938e-05,0.0071295701375,3.7160604545000004e-16,1.4831347186e-11,4.785638225e-26,2.6250450651e-16
129,1.1852924098447017e-07,0.66961695862,0.1690649455,0.1057253385,0.048423245154,1.6417140671e-05,0.0071305697845,3.6783729354e-16,1.8513028801e-11,4.1936347651999995e-26,3.2556493096000005e-16
130,1.0474522360006342e-07,0.66961837271,0.16906465761,0.10572515846,0.048423162687,1.4714141216e-05,0.0071314091269,3.6040901404e-16,2.2529830034e-11,3.6433260239e-26,3.9112684168e-16
131,9.256417889712791e-08,0.66961963371,0.16906440088,0.1057249979,0.048423089145,1.3195506169e-05,0.0071321576033,3.5312074461e-16,2.738492167e-11,3.1669410969e-26,4.6931284656e-16
132,8.179969377519484e-08,0.66962090691,0.16906414167,0.10572483579,0.04842301489,1.1662193895e-05,0.0071329133135,3.531189902e-16,3.5062775155e-11,2.798934258e-26,6.0089517634e-16
133,7.22870335094958e-08,0.66962203232,0.16906391255,0.10572469248,0.048422949251,1.0306865489e-05,0.0071335813022,3.531174394e-16,4.4894357329e-11,2.4736470325e-26,7.6938817734e-16
134,6.388062072657205e-08,0.66962297353,0.16906372093000002,0.10572457263,0.048422894353,9.1733837875e-06,0.0071341399513,3.4952457447e-16,5.6034948711e-11,2.1674966864999997e-26,9.5412581601e-16
135,5.645180755516963e-08,0.66962390711,0.16906353087,0.10572445373999999,0.04842283989400001,8.0491129841e-06,0.0071346940606,3.5311485582e-16,7.3622830444e-11,1.9317768101e-26,1.2617358885e-15
136,4.988690685844117e-08,0.66962468365,0.16906337278,0.10572435483000002,0.04842279459,7.113975475700001e-06,0.0071351549534,3.5311378558e-16,9.4256250841e-11,1.7073414281e-26,1.6153514182000001e-15
137,4.408545241834121e-08,0.66962537029,0.16906323299,0.10572426736,0.048422754523,6.2871240372e-06,0.0071355624761,3.5311283913e-16,1.2068522712e-10,1.5088957616e-26,2.0682916226e-15
138,3.8958661446875604e-08,0.66962597768,0.16906310934,0.10572418997,0.048422719071,5.555746715e-06,0.0071359229432,3.5311200178e-16,1.5455885218e-10,1.3333646481e-26,2.6488188384e-15
139,3.442807589518621e-08,0.66962651409,0.16906300013999997,0.10572412159,0.048422687749,4.9098782253e-06,0.0071362412662,3.531112621e-16,1.9790442306e-10,1.1783561973999999e-26,3.3916771222e-15
140,3.0424361767690035e-08,0.66962701459,0.16906289825,0.10572405775000002,0.048422658503,4.3073103388e-06,0.0071365382477,3.5673640326999994e-16,2.601098599e-10,1.049996198e-26,4.4866536519e-15
141,2.6886248066529438e-08,0.66962742976,0.16906281375,0.10572400476000002,0.048422634223,3.8075503445999997e-06,0.007136784559,3.5673582435e-16,3.3288321709e-10,9.2816829711e-27,5.7419329541e-15
142,2.3759589128427652e-08,0.66962779797,0.1690627388,0.1057239577,0.048422612663,3.3644051725e-06,0.0071370029668,3.5673531051e-16,4.2636259479000003e-10,8.2014177873e-27,7.3543745779e-15
143,2.099653600438446e-08,0.66962812276,0.1690626727,0.10572391613,0.04842259361,2.9736327152e-06,0.0071371955617,3.5673485675e-16,5.4579810655e-10,7.2488245523e-27,9.4145389253e-15
144,1.855480420138846e-08,0.6696284112099999,0.16906261401,0.10572387912,0.048422576644,2.6267420561e-06,0.0071373665285,3.5673445311e-16,6.994901153e-10,6.403204181e-27,1.2065600781e-14
145,1.6397026580002085e-08,0.66962867826,0.16906255967999997,0.10572384471,0.048422560865000006,2.305835108e-06,0.007137524688,3.6039450895e-16,9.1816483691e-10,5.7092529117e-27,1.5940151424e-14
146,1.449018150486198e-08,0.66962890191,0.1690625142,0.10572381575,0.048422547579,2.0373095858e-06,0.0071376570301,3.6039419082e-16,1.1761714801e-09,5.0443800461000006e-27,2.0419386734e-14
147,1.2805087496773325e-08,0.66962909891,0.16906247416,0.10572379004999999,0.048422535782,1.8011152603000003e-06,0.0071377734365,3.6039390918e-16,1.5049023759e-09,4.4595603226e-27,2.6126462543e-14
148,1.1315956652786066e-08,0.66962927398,0.1690624386,0.10572376697,0.048422525175,1.5916299917e-06,0.0071378766776,3.6039365707e-16,1.9271387972e-09,3.9408730273e-27,3.345688369e-14
149,1e-08,0.66962942952,0.16906240704999997,0.10572374615,0.048422515593,1.4060430595e-06,0.0071379681385,3.6039343073e-16,2.4694781503e-09,3.4813586159e-27,4.2872406924e-14
